 use judicialcasedb;

-- 1. Court Table
INSERT INTO Court (Court_ID, Court_Name, Location, Jurisdiction_Level) VALUES
(1, 'Supreme Court of India', 'New Delhi', 'National'),
(2, 'Delhi High Court', 'Delhi', 'State'),
(3, 'Bombay High Court', 'Mumbai', 'State'),
(4, 'Madras High Court', 'Chennai', 'State'),
(5, 'Calcutta High Court', 'Kolkata', 'State'),
(6, 'Allahabad High Court', 'Prayagraj', 'State'),
(7, 'Karnataka High Court', 'Bangalore', 'State'),
(8, 'Punjab & Haryana High Court', 'Chandigarh', 'State'),
(9, 'Kerala High Court', 'Kochi', 'State'),
(10, 'Gujarat High Court', 'Ahmedabad', 'State'),
(11, 'Rajasthan High Court', 'Jodhpur', 'State'),
(12, 'Patna High Court', 'Patna', 'State'),
(13, 'Orissa High Court', 'Cuttack', 'State'),
(14, 'Jharkhand High Court', 'Ranchi', 'State'),
(15, 'Sikkim High Court', 'Gangtok', 'State'),
(16, 'Meghalaya High Court', 'Shillong', 'State'),
(17, 'Manipur High Court', 'Imphal', 'State'),
(18, 'Tripura High Court', 'Agartala', 'State'),
(19, 'Jammu & Kashmir High Court', 'Srinagar', 'State'),
(20, 'Andhra Pradesh High Court', 'Amaravati', 'State');

-- 2. Case_Category Table
INSERT INTO Case_Category (Category_ID, Name, Description) VALUES
(1, 'Criminal', 'Offenses against the law including theft, assault, and murder'),
(2, 'Civil', 'Disputes between individuals or organizations over rights and duties'),
(3, 'Family', 'Cases related to divorce, custody, and inheritance'),
(4, 'Corporate', 'Legal issues involving businesses or corporations'),
(5, 'Labor', 'Disputes involving workers and employers'),
(6, 'Environmental', 'Cases related to environmental protection and regulation'),
(7, 'Tax', 'Cases concerning tax evasion or disputes'),
(8, 'Property', 'Disputes over property ownership and transactions'),
(9, 'Intellectual Property', 'Rights over creations of the mind like patents and trademarks'),
(10, 'Cybercrime', 'Crimes committed using computers or networks'),
(11, 'Bankruptcy', 'Cases related to insolvency and financial restructuring'),
(12, 'Consumer Protection', 'Disputes between consumers and sellers/service providers'),
(13, 'Contract', 'Disputes arising from contract violations'),
(14, 'Administrative', 'Disputes over decisions by government agencies'),
(15, 'Human Rights', 'Cases involving violations of fundamental rights'),
(16, 'Education', 'Legal matters related to educational institutions'),
(17, 'Election', 'Disputes related to electoral processes'),
(18, 'Insurance', 'Disputes over claims and policy enforcement'),
(19, 'Immigration', 'Cases involving citizenship, visas, and deportation'),
(20, 'Health', 'Legal issues related to medical services and malpractice');

-- 3. Person Table
INSERT INTO Person (Person_ID, Name, Date_of_Birth, Contact, Address, National_ID) VALUES
(1, 'Aarav Mehta', '1985-03-15', '9876543210', '12 MG Road, Delhi', 'IND0012345'),
(2, 'Priya Sharma', '1990-07-22', '9811122233', 'Flat 204, Green Apartments, Mumbai', 'IND0012346'),
(3, 'Rahul Khanna', '1978-11-03', '9898989898', '56 Park Street, Kolkata', 'IND0012347'),
(4, 'Sneha Kapoor', '1995-01-10', '9845612300', '22 Lake View, Bengaluru', 'IND0012348'),
(5, 'Vikram Batra', '1980-06-27', '9823456789', '88 Civil Lines, Lucknow', 'IND0012349'),
(6, 'Anjali Desai', '1989-09-17', '9833011223', '9 Riverbank, Ahmedabad', 'IND0012350'),
(7, 'Rohan Verma', '1992-04-25', '9800223344', 'H No. 5, Sector 15, Chandigarh', 'IND0012351'),
(8, 'Meena Iyer', '1975-12-12', '9870034567', 'B-77, Besant Nagar, Chennai', 'IND0012352'),
(9, 'Arjun Sinha', '1983-05-30', '9867554433', '4 Gariahat Road, Kolkata', 'IND0012353'),
(10, 'Neha Joshi', '1996-02-28', '9810111122', '3 Patel Nagar, Delhi', 'IND0012354'),
(11, 'Suresh Raina', '1981-08-05', '9888001122', '20 Old City, Jaipur', 'IND0012355'),
(12, 'Ritika Chauhan', '1993-03-14', '9822334455', 'Hilltop Lane, Shimla', 'IND0012356'),
(13, 'Kabir Singh', '1987-06-18', '9899900011', '12 Sector A, Bhopal', 'IND0012357'),
(14, 'Tanya Mathur', '1994-10-09', '9801234567', 'Shastri Road, Pune', 'IND0012358'),
(15, 'Amit Patel', '1979-01-01', '9856223344', 'Main Street, Surat', 'IND0012359'),
(16, 'Pooja Nair', '1991-11-29', '9812345678', 'Coastal Road, Kochi', 'IND0012360'),
(17, 'Deepak Rao', '1984-07-19', '9821000001', 'Sector 4, Bhubaneswar', 'IND0012361'),
(18, 'Swati Deshmukh', '1997-12-03', '9876000123', 'Panchwati, Nashik', 'IND0012362'),
(19, 'Karan Malhotra', '1982-02-22', '9845678901', 'Central Avenue, Hyderabad', 'IND0012363'),
(20, 'Lavanya Shetty', '1990-09-11', '9833445566', 'MG Layout, Mangalore', 'IND0012364'),
(21, 'Ishaan Khurana', '1988-03-02', '9810000001', 'Sector 7, Gurgaon', 'IND0012365'),
(22, 'Riya Sen', '1992-05-15', '9876543221', 'Salt Lake, Kolkata', 'IND0012366'),
(23, 'Manav Thakur', '1986-10-30', '9833000123', 'Rajpur Road, Dehradun', 'IND0012367'),
(24, 'Divya Bhaskar', '1993-07-19', '9822114455', 'Viman Nagar, Pune', 'IND0012368'),
(25, 'Ayesha Qureshi', '1995-11-25', '9888445566', 'Lal Chowk, Srinagar', 'IND0012369'),
(26, 'Nikhil Rao', '1981-08-14', '9800123456', 'Civil Lines, Nagpur', 'IND0012370'),
(27, 'Kritika Mehta', '1990-02-06', '9867891234', 'Sector 20, Noida', 'IND0012371'),
(28, 'Siddharth Jain', '1984-09-21', '9844411223', 'Boring Road, Patna', 'IND0012372'),
(29, 'Ananya Pillai', '1996-04-12', '9851234567', 'Race Course, Coimbatore', 'IND0012373'),
(30, 'Rajat Malviya', '1983-06-08', '9890011223', 'MP Nagar, Bhopal', 'IND0012374'),
(31, 'Simran Bedi', '1989-01-15', '9822113344', 'Lodhi Colony, Delhi', 'IND0012375'),
(32, 'Yuvraj Bansal', '1977-12-20', '9812341234', 'Shivaji Park, Mumbai', 'IND0012376'),
(33, 'Tina Raut', '1994-08-17', '9877890000', 'Civil Lines, Nagpur', 'IND0012377'),
(34, 'Aryan Singh', '1991-10-05', '9888811223', 'Sector 9, Faridabad', 'IND0012378'),
(35, 'Shruti Chawla', '1985-03-22', '9810009876', 'Law Garden, Ahmedabad', 'IND0012379'),
(36, 'Harshdeep Gill', '1982-07-13', '9844455566', 'Golden Avenue, Amritsar', 'IND0012380'),
(37, 'Preeti Kaur', '1993-09-01', '9832211223', 'Model Town, Ludhiana', 'IND0012381'),
(38, 'Raj Shekhar', '1986-11-09', '9800098765', 'Ashok Nagar, Ranchi', 'IND0012382'),
(39, 'Snehal Gaikwad', '1995-05-27', '9843311233', 'Hadapsar, Pune', 'IND0012383'),
(40, 'Arvind Pillai', '1990-12-30', '9861000000', 'MG Road, Ernakulam', 'IND0012384'),
(41, 'Aarti Joshi', '1988-04-15', '9800122111', 'Sector 17, Chandigarh', 'IND0012385'),
(42, 'Varun Kashyap', '1979-06-06', '9877788888', 'Janakpuri, Delhi', 'IND0012386'),
(43, 'Neelam Rathi', '1987-02-18', '9822221000', 'Adyar, Chennai', 'IND0012387'),
(44, 'Mohit Das', '1981-10-10', '9844005566', 'Garia, Kolkata', 'IND0012388'),
(45, 'Parul Sehgal', '1996-03-28', '9811223344', 'Hazratganj, Lucknow', 'IND0012389'),
(46, 'Gaurav Bhatt', '1994-07-09', '9876654321', 'Alkapuri, Vadodara', 'IND0012390'),
(47, 'Zoya Ahmed', '1992-01-17', '9833001122', 'Dharampeth, Nagpur', 'IND0012391'),
(48, 'Vikas Sharma', '1983-09-26', '9811220000', 'Sector 10, Panchkula', 'IND0012392'),
(49, 'Nandini Rao', '1989-12-19', '9845567890', 'Manikonda, Hyderabad', 'IND0012393'),
(50, 'Kunal Mishra', '1978-08-11', '9821133445', 'Gomti Nagar, Lucknow', 'IND0012394'),
(51, 'Sanya Mirza', '1990-05-04', '9800331122', 'Banjara Hills, Hyderabad', 'IND0012395'),
(52, 'Irfan Ali', '1982-03-20', '9833447788', 'Meena Bazaar, Delhi', 'IND0012396'),
(53, 'Nisha Kapoor', '1991-06-23', '9876000009', 'Powai, Mumbai', 'IND0012397'),
(54, 'Ravi Thakur', '1986-12-11', '9817788990', 'Sector 14, Gurgaon', 'IND0012398'),
(55, 'Pallavi Desai', '1993-08-08', '9888991122', 'Camp, Pune', 'IND0012399'),
(56, 'Jatin Bansal', '1992-10-14', '9840098765', 'Koramangala, Bengaluru', 'IND0012400'),
(57, 'Surbhi Pandey', '1987-07-05', '9833322110', 'DLF Phase 3, Gurgaon', 'IND0012401'),
(58, 'Naveen George', '1984-04-02', '9811223345', 'Fort Kochi, Kochi', 'IND0012402'),
(59, 'Avni Malhotra', '1995-01-30', '9876654433', 'Sector 50, Noida', 'IND0012403'),
(60, 'Tarun Khanna', '1976-09-27', '9822111000', 'Laxmi Nagar, Delhi', 'IND0012404'),
(61, 'Priti Nair', '1994-02-11', '9845671111', 'Marine Drive, Mumbai', 'IND0012405'),
(62, 'Dev Verma', '1980-06-15', '9800112233', 'New Town, Kolkata', 'IND0012406'),
(63, 'Juhi Sethi', '1991-11-01', '9833110001', 'DLF Phase 1, Gurgaon', 'IND0012407'),
(64, 'Anshul Raina', '1983-05-09', '9877788999', 'Paltan Bazaar, Dehradun', 'IND0012408'),
(65, 'Neeraj Kulkarni', '1988-08-18', '9800223345', 'MG Road, Bengaluru', 'IND0012409'),
(66, 'Roshni Paul', '1990-04-22', '9845561234', 'Tollygunge, Kolkata', 'IND0012410'),
(67, 'Armaan Gill', '1986-07-01', '9832233445', 'Phase 5, Mohali', 'IND0012411'),
(68, 'Bhavna Jha', '1992-09-03', '9811221122', 'Rajendra Nagar, Patna', 'IND0012412'),
(69, 'Saurabh Sethi', '1981-01-07', '9822223344', 'Sector 4, Jaipur', 'IND0012413'),
(70, 'Aakriti Sharma', '1993-12-25', '9870011223', 'Model Colony, Pune', 'IND0012414'),
(71, 'Vivek Menon', '1985-10-16', '9844009876', 'Aluva, Kochi', 'IND0012415'),
(72, 'Ila Rajput', '1989-03-03', '9812341111', 'Park Street, Kolkata', 'IND0012416'),
(73, 'Farhan Siddiqui', '1977-04-04', '9833345566', 'Charminar, Hyderabad', 'IND0012417'),
(74, 'Tanvi Arora', '1994-06-06', '9877778888', 'Shivaji Nagar, Pune', 'IND0012418'),
(75, 'Naveeta Singh', '1996-08-28', '9800332222', 'Ashiana Road, Patna', 'IND0012419'),
(76, 'Kartik Rao', '1982-02-13', '9822112222', 'MG Road, Indore', 'IND0012420'),
(77, 'Srishti Mishra', '1991-05-30', '9845554444', 'Sector 18, Noida', 'IND0012421'),
(78, 'Aditya Rawat', '1984-01-19', '9800123457', 'Greater Kailash, Delhi', 'IND0012422'),
(79, 'Pallavi Joshi', '1987-11-29', '9833224444', 'Anna Nagar, Chennai', 'IND0012423'),
(80, 'Nikhil Sengupta', '1990-07-07', '9876543333', 'Ballygunge, Kolkata', 'IND0012424');

-- 4. Lawyer Table
INSERT INTO Lawyer (Lawyer_ID, Name, Contact, Specialization, Bar_Registration_Number, Experience_Years) VALUES
(1, 'Nikhil Arora', '9871100011', 'Criminal', 'BRN001', 12),
(2, 'Sakshi Menon', '9822200022', 'Civil', 'BRN002', 8),
(3, 'Manav Singh', '9813300033', 'Corporate', 'BRN003', 15),
(4, 'Aisha Qureshi', '9884400044', 'Family', 'BRN004', 10),
(5, 'Rajat Mehra', '9835500055', 'Labor', 'BRN005', 6),
(6, 'Divya Pillai', '9876600066', 'Environmental', 'BRN006', 9),
(7, 'Kunal Kapoor', '9827700077', 'Tax', 'BRN007', 14),
(8, 'Anita Dube', '9818800088', 'Property', 'BRN008', 7),
(9, 'Rishi Deshpande', '9899900099', 'Intellectual Property', 'BRN009', 13),
(10, 'Neelam Chauhan', '9801000100', 'Cybercrime', 'BRN010', 11),
(11, 'Varun Tiwari', '9842110011', 'Bankruptcy', 'BRN011', 10),
(12, 'Jaya Iyer', '9833220022', 'Consumer Protection', 'BRN012', 5),
(13, 'Harsh Verma', '9824330033', 'Contract', 'BRN013', 9),
(14, 'Simran Kaur', '9815440044', 'Administrative', 'BRN014', 6),
(15, 'Aman Bhatt', '9806550055', 'Human Rights', 'BRN015', 12),
(16, 'Megha Sood', '9877660066', 'Education', 'BRN016', 7),
(17, 'Pratik Jain', '9868770077', 'Election', 'BRN017', 8),
(18, 'Kritika Basu', '9859880088', 'Insurance', 'BRN018', 4),
(19, 'Arvind Nair', '9840990099', 'Immigration', 'BRN019', 11),
(20, 'Snehal Ghosh', '9831000100', 'Health', 'BRN020', 6);

-- 5. Police_Station Table
INSERT INTO Police_Station (Station_ID, Name, Location, Station_Code, Contact_Number) VALUES
(1, 'Connaught Place Station', 'Delhi', 'PSDL001', '01123450001'),
(2, 'Bandra Station', 'Mumbai', 'PSMH002', '02233440002'),
(3, 'Salt Lake Station', 'Kolkata', 'PSWB003', '03344550003'),
(4, 'Indiranagar Station', 'Bengaluru', 'PSKA004', '08055660004'),
(5, 'Hazratganj Station', 'Lucknow', 'PSUP005', '05226670005'),
(6, 'Navrangpura Station', 'Ahmedabad', 'PSGJ006', '07967780006'),
(7, 'Sector 17 Station', 'Chandigarh', 'PSCH007', '01726780007'),
(8, 'Adyar Station', 'Chennai', 'PSTN008', '04478890008'),
(9, 'Gariahat Station', 'Kolkata', 'PSWB009', '03388990009'),
(10, 'Karol Bagh Station', 'Delhi', 'PSDL010', '01199000010'),
(11, 'Vaishali Nagar Station', 'Jaipur', 'PSRJ011', '01411110011'),
(12, 'Mall Road Station', 'Shimla', 'PSHP012', '01772220012'),
(13, 'TT Nagar Station', 'Bhopal', 'PSMP013', '07553330013'),
(14, 'Shivaji Nagar Station', 'Pune', 'PSMH014', '02044440014'),
(15, 'Athwa Lines Station', 'Surat', 'PSGJ015', '02614550015'),
(16, 'Marine Drive Station', 'Kochi', 'PSKL016', '04846660016'),
(17, 'Kharavel Nagar Station', 'Bhubaneswar', 'PSOD017', '06747770017'),
(18, 'Dwarka Station', 'Delhi', 'PSDL018', '01188880018'),
(19, 'Charminar Station', 'Hyderabad', 'PSTG019', '04099990019'),
(20, 'Hampankatta Station', 'Mangalore', 'PSKA020', '08242220020');

-- 6. Case_Details Table
INSERT INTO Case_Details (Case_ID, Case_Number, Filing_Date, Case_Type, Status, Category_ID, Court_ID, Verdict_ID) VALUES
(1, 'C-2024-001', '2024-01-10', 'Criminal', 'Pending', 1, 1, NULL),
(2, 'C-2024-002', '2024-01-15', 'Civil', 'Ongoing', 2, 2, NULL),
(3, 'C-2024-003', '2024-01-20', 'Family', 'Closed', 3, 3, NULL),
(4, 'C-2024-004', '2024-02-01', 'Criminal', 'Pending', 4, 4, NULL),
(5, 'C-2024-005', '2024-02-10', 'Civil', 'Appealed', 5, 5, NULL),
(6, 'C-2024-006', '2024-02-15', 'Property', 'Ongoing', 6, 6, NULL),
(7, 'C-2024-007', '2024-02-20', 'Labor', 'Closed', 7, 7, NULL),
(8, 'C-2024-008', '2024-03-01', 'Criminal', 'Pending', 8, 8, NULL),
(9, 'C-2024-009', '2024-03-05', 'Family', 'Ongoing', 9, 9, NULL),
(10, 'C-2024-010', '2024-03-10', 'Civil', 'Closed', 10, 10, NULL),
(11, 'C-2024-011', '2024-03-15', 'Criminal', 'Pending', 11, 11, NULL),
(12, 'C-2024-012', '2024-03-20', 'Corporate', 'Ongoing', 12, 12, NULL),
(13, 'C-2024-013', '2024-03-25', 'Civil', 'Appealed', 13, 13, NULL),
(14, 'C-2024-014', '2024-04-01', 'Criminal', 'Closed', 14, 14, NULL),
(15, 'C-2024-015', '2024-04-05', 'Family', 'Pending', 15, 15, NULL),
(16, 'C-2024-016', '2024-04-10', 'Labor', 'Ongoing', 16, 16, NULL),
(17, 'C-2024-017', '2024-04-15', 'Civil', 'Closed', 17, 17, NULL),
(18, 'C-2024-018', '2024-04-20', 'Criminal', 'Appealed', 18, 18, NULL),
(19, 'C-2024-019', '2024-04-25', 'Property', 'Pending', 19, 19, NULL),
(20, 'C-2024-020', '2024-04-30', 'Family', 'Ongoing', 20, 20, NULL);

-- 7. Verdict Table
INSERT INTO Verdict (Verdict_ID, Case_ID, Date, Decision, Remarks, Penalty) VALUES
(1, 1, '2024-03-20', 'Guilty', 'Strong evidence presented.', 5000.00),
(2, 2, '2024-03-25', 'Not Guilty', 'Lack of evidence.', 0.00),
(3, 3, '2024-04-01', 'Dismissed', 'Jurisdiction issue.', 0.00),
(4, 4, '2024-04-05', 'Guilty', 'Confession recorded.', 7000.00),
(5, 5, '2024-04-10', 'Not Guilty', 'Defendant cleared.', 0.00),
(6, 6, '2024-04-15', 'Guilty', 'Witness testimony strong.', 10000.00),
(7, 7, '2024-04-20', 'Dismissed', 'Technical error in filing.', 0.00),
(8, 8, '2024-04-25', 'Guilty', 'Video evidence confirmed.', 8000.00),
(9, 9, '2024-04-30', 'Not Guilty', 'Alibi verified.', 0.00),
(10, 10, '2024-05-01', 'Dismissed', 'Complaint withdrawn.', 0.00),
(11, 11, '2024-05-05', 'Guilty', 'Multiple charges proven.', 12000.00),
(12, 12, '2024-05-10', 'Not Guilty', 'Corporate settlement reached.', 0.00),
(13, 13, '2024-05-15', 'Guilty', 'Financial fraud confirmed.', 15000.00),
(14, 14, '2024-05-20', 'Dismissed', 'Incorrect filing procedure.', 0.00),
(15, 15, '2024-05-25', 'Guilty', 'Physical evidence presented.', 6000.00),
(16, 16, '2024-05-30', 'Not Guilty', 'Lack of witness cooperation.', 0.00),
(17, 17, '2024-06-01', 'Guilty', 'Employee confession.', 4000.00),
(18, 18, '2024-06-05', 'Dismissed', 'Appeal accepted.', 0.00),
(19, 19, '2024-06-10', 'Guilty', 'Real estate fraud.', 9000.00),
(20, 20, '2024-06-15', 'Not Guilty', 'Family court settlement.', 0.00);

-- Adding verdict to case details 
UPDATE Case_Details SET Verdict_ID = 1 WHERE Case_ID = 1;
UPDATE Case_Details SET Verdict_ID = 2 WHERE Case_ID = 2;
UPDATE Case_Details SET Verdict_ID = 3 WHERE Case_ID = 3;
UPDATE Case_Details SET Verdict_ID = 4 WHERE Case_ID = 4;
UPDATE Case_Details SET Verdict_ID = 5 WHERE Case_ID = 5;
UPDATE Case_Details SET Verdict_ID = 6 WHERE Case_ID = 6;
UPDATE Case_Details SET Verdict_ID = 7 WHERE Case_ID = 7;
UPDATE Case_Dtails SET Verdict_ID = 8 WHERE Case_ID = 8;
UPDATE Case_Details SET Verdict_ID = 9 WHERE Case_ID = 9;
UPDATE Case_Details SET Verdict_ID = 10 WHERE Case_ID = 10;
UPDATE Case_Details SET Verdict_ID = 11 WHERE Case_ID = 11;
UPDATE Case_Details SET Verdict_ID = 12 WHERE Case_ID = 12;
UPDATE Case_Details SET Verdict_ID = 13 WHERE Case_ID = 13;
UPDATE Case_Details SET Verdict_ID = 14 WHERE Case_ID = 14;
UPDATE Case_Details SET Verdict_ID = 15 WHERE Case_ID = 15;
UPDATE Case_Details SET Verdict_ID = 16 WHERE Case_ID = 16;
UPDATE Case_Details SET Verdict_ID = 17 WHERE Case_ID = 17;
UPDATE Case_Details SET Verdict_ID = 18 WHERE Case_ID = 18;
UPDATE Case_Details SET Verdict_ID = 19 WHERE Case_ID = 19;
UPDATE Case_Details SET Verdict_ID = 20 WHERE Case_ID = 20;

-- 8. Judge Table
INSERT INTO Judge (Judge_ID, Name, Designation, Experience_Years, Court_ID) VALUES
(1, 'Justice Arvind Rao', 'Chief Justice', 25, 1),
(2, 'Justice Meera Das', 'Associate Judge', 18, 2),
(3, 'Justice Vikram Sinha', 'Senior Judge', 20, 3),
(4, 'Justice Neelam Gupta', 'Judge', 12, 4),
(5, 'Justice Ramesh Iyer', 'Associate Judge', 16, 5),
(6, 'Justice Fatima Rizvi', 'Judge', 10, 1),
(7, 'Justice Kabir Khan', 'Judge', 8, 2),
(8, 'Justice Ananya Nair', 'Judge', 9, 3),
(9, 'Justice Mohan Lal', 'Senior Judge', 22, 4),
(10, 'Justice Rekha Rathi', 'Judge', 14, 5),
(11, 'Justice Tarun Bhasin', 'Chief Justice', 26, 1),
(12, 'Justice Priya Shetty', 'Judge', 11, 2),
(13, 'Justice Varun Paul', 'Associate Judge', 13, 3),
(14, 'Justice Sneha Kapoor', 'Judge', 7, 4),
(15, 'Justice Aditya Menon', 'Senior Judge', 19, 5),
(16, 'Justice Divya Arora', 'Judge', 6, 1),
(17, 'Justice Sohail Ahmed', 'Judge', 10, 2),
(18, 'Justice Kriti Joshi', 'Judge', 9, 3),
(19, 'Justice Devansh Verma', 'Associate Judge', 12, 4),
(20, 'Justice Ishita Sen', 'Judge', 8, 5);

-- 9. Petitioner Table
INSERT INTO Petitioner (Person_ID, Petition_Filed_Date, Legal_Representative) VALUES
(21, '2023-01-15', 3),
(22, '2023-02-20', 7),
(23, '2023-03-05', 1),
(24, '2023-04-18', 6),
(25, '2023-05-25', 4),
(26, '2023-06-10', 2),
(27, '2023-07-12', 8),
(28, '2023-08-30', 5),
(29, '2023-09-14', 9),
(30, '2023-10-22', 10),
(31, '2023-11-05', 12),
(32, '2023-11-19', 11),
(33, '2023-12-01', 13),
(34, '2023-12-15', 14),
(35, '2024-01-03', 15),
(36, '2024-01-20', 16),
(37, '2024-02-05', 17),
(38, '2024-02-18', 18),
(39, '2024-03-10', 19),
(40, '2024-03-25', 20);

-- 10. Respondent Table
INSERT INTO Respondent (Person_ID, Response_Submitted_Date, Legal_Representative) VALUES
(1, '2023-01-20', 5),
(2, '2023-02-25', 2),
(3, '2023-03-10', 6),
(4, '2023-04-22', 7),
(5, '2023-05-30', 1),
(6, '2023-06-15', 4),
(7, '2023-07-18', 3),
(8, '2023-08-31', 8),
(9, '2023-09-20', 10),
(10, '2023-10-25', 9),
(11, '2023-11-10', 11),
(12, '2023-11-22', 13),
(13, '2023-12-05', 12),
(14, '2023-12-18', 14),
(15, '2024-01-07', 15),
(16, '2024-01-25', 16),
(17, '2024-02-07', 17),
(18, '2024-02-20', 18),
(19, '2024-03-12', 19),
(20, '2024-03-28', 20);

-- 11. Police Officier Table
INSERT INTO Police_Officer (Person_ID, Police_Station_ID, Badge_Number, Officer_Rank, Department) VALUES
(41, 1, 'B1001', 'Sub Inspector', 'Criminal Investigation'),
(42, 2, 'B1002', 'Inspector', 'Homicide'),
(43, 3, 'B1003', 'Head Constable', 'Traffic'),
(44, 4, 'B1004', 'Constable', 'Cyber Crime'),
(45, 5, 'B1005', 'Inspector', 'Anti-Narcotics'),
(46, 1, 'B1006', 'Sub Inspector', 'General Duty'),
(47, 2, 'B1007', 'Inspector', 'White Collar Crime'),
(48, 3, 'B1008', 'Constable', 'Criminal Investigation'),
(49, 4, 'B1009', 'Sub Inspector', 'Cyber Crime'),
(50, 5, 'B1010', 'Head Constable', 'Traffic'),
(51, 1, 'B1011', 'Inspector', 'General Duty'),
(52, 2, 'B1012', 'Constable', 'Anti-Narcotics'),
(53, 3, 'B1013', 'Sub Inspector', 'White Collar Crime'),
(54, 4, 'B1014', 'Inspector', 'Homicide'),
(55, 5, 'B1015', 'Constable', 'Traffic'),
(56, 1, 'B1016', 'Sub Inspector', 'Criminal Investigation'),
(57, 2, 'B1017', 'Head Constable', 'Cyber Crime'),
(58, 3, 'B1018', 'Inspector', 'General Duty'),
(59, 4, 'B1019', 'Constable', 'White Collar Crime'),
(60, 5, 'B1020', 'Sub Inspector', 'Anti-Narcotics');

-- 12. Witness Table
INSERT INTO Witness (Person_ID, Testimony_Date, Type_of_Witness) VALUES
(61, '2023-01-22', 'Eyewitness'),
(62, '2023-02-14', 'Expert'),
(63, '2023-03-01', 'Medical'),
(64, '2023-03-15', 'Character'),
(65, '2023-04-10', 'Police'),
(66, '2023-05-02', 'Eyewitness'),
(67, '2023-06-18', 'Expert'),
(68, '2023-07-05', 'Forensic'),
(69, '2023-07-25', 'Character'),
(70, '2023-08-12', 'Eyewitness'),
(71, '2023-09-03', 'Police'),
(72, '2023-09-28', 'Medical'),
(73, '2023-10-15', 'Eyewitness'),
(74, '2023-11-01', 'Expert'),
(75, '2023-11-20', 'Forensic'),
(76, '2023-12-05', 'Police'),
(77, '2023-12-22', 'Medical'),
(78, '2024-01-08', 'Eyewitness'),
(79, '2024-02-14', 'Character'),
(80, '2024-03-01', 'Expert');

-- 13. Court_Staff
INSERT INTO Court_Staff (Staff_ID, Name, Role, Contact, Court_ID) VALUES
(1, 'Amit Desai', 'Clerk', '9001010001', 1),
(2, 'Nisha Sharma', 'Typist', '9001010002', 2),
(3, 'Ravi Mehta', 'Bailiff', '9001010003', 3),
(4, 'Sunita Rao', 'Stenographer', '9001010004', 4),
(5, 'Manoj Yadav', 'Court Manager', '9001010005', 5),
(6, 'Kiran Bedi', 'Clerk', '9001010006', 1),
(7, 'Ajay Singh', 'Typist', '9001010007', 2),
(8, 'Pooja Patel', 'Bailiff', '9001010008', 3),
(9, 'Rahul Nair', 'Stenographer', '9001010009', 4),
(10, 'Priya Rathi', 'Court Manager', '9001010010', 5),
(11, 'Deepak Sinha', 'Clerk', '9001010011', 1),
(12, 'Komal Jain', 'Typist', '9001010012', 2),
(13, 'Vikas Rana', 'Bailiff', '9001010013', 3),
(14, 'Meena Joseph', 'Stenographer', '9001010014', 4),
(15, 'Arun Mishra', 'Court Manager', '9001010015', 5),
(16, 'Swati Thakur', 'Clerk', '9001010016', 1),
(17, 'Rohan Kapoor', 'Typist', '9001010017', 2),
(18, 'Anjali Saxena', 'Bailiff', '9001010018', 3),
(19, 'Naveen Das', 'Stenographer', '9001010019', 4),
(20, 'Neha Aggarwal', 'Court Manager', '9001010020', 5);

-- 14. Hearing Table
INSERT INTO Hearing (Hearing_ID, Case_ID, Judge_ID, Date, Time, Description, Outcome) VALUES
(1, 1, 1, '2023-01-10', '10:00:00', 'Initial hearing for case 1', 'Adjourned'),
(2, 2, 2, '2023-01-15', '11:30:00', 'Preliminary statements', 'In Progress'),
(3, 3, 3, '2023-01-20', '09:45:00', 'Witness statements recorded', 'Completed'),
(4, 4, 4, '2023-01-25', '12:00:00', 'Cross examination begins', 'Adjourned'),
(5, 5, 5, '2023-01-30', '10:15:00', 'Evidence submitted', 'Completed'),
(6, 6, 6, '2023-02-05', '11:00:00', 'Medical testimony', 'In Progress'),
(7, 7, 7, '2023-02-10', '10:45:00', 'Final hearing', 'Judgement Reserved'),
(8, 8, 8, '2023-02-15', '09:30:00', 'Verdict announcement', 'Closed'),
(9, 9, 9, '2023-02-20', '10:00:00', 'Settlement discussion', 'In Progress'),
(10, 10, 10, '2023-02-25', '11:15:00', 'Court ruling on motion', 'Adjourned'),
(11, 11, 11, '2023-03-01', '12:30:00', 'Initial hearing', 'Completed'),
(12, 12, 12, '2023-03-05', '10:00:00', 'Evidence analysis', 'In Progress'),
(13, 13, 13, '2023-03-10', '11:45:00', 'Cross examination', 'Adjourned'),
(14, 14, 14, '2023-03-15', '09:00:00', 'Final arguments', 'Judgement Reserved'),
(15, 15, 15, '2023-03-20', '10:30:00', 'Verdict hearing', 'Closed'),
(16, 16, 16, '2023-03-25', '11:00:00', 'Bail plea hearing', 'Rejected'),
(17, 17, 17, '2023-03-30', '09:45:00', 'Evidence challenge', 'Completed'),
(18, 18, 18, '2023-04-04', '10:15:00', 'Summons response', 'In Progress'),
(19, 19, 19, '2023-04-08', '12:00:00', 'Witness examination', 'Adjourned'),
(20, 20, 20, '2023-04-12', '10:45:00', 'Final judgement hearing', 'Closed');

-- 15. FIR Table
INSERT INTO FIR (FIR_ID, Case_ID, Police_Station_ID, Filed_By, Date, Details, Crime_Location) VALUES
(1, 1, 1, 41, '2023-01-01', 'Robbery reported by local shop owner.', 'Market Street, Delhi'),
(2, 2, 2, 42, '2023-01-03', 'Complaint filed for property damage.', 'Sector 10, Mumbai'),
(3, 3, 3, 43, '2023-01-05', 'Domestic violence case registered.', 'MG Road, Bengaluru'),
(4, 4, 4, 44, '2023-01-07', 'Cyber fraud complaint lodged.', 'Salt Lake, Kolkata'),
(5, 5, 5, 45, '2023-01-09', 'Car theft case initiated.', 'Banjara Hills, Hyderabad'),
(6, 6, 1, 46, '2023-01-11', 'Illegal possession of arms reported.', 'Anna Nagar, Chennai'),
(7, 7, 2, 47, '2023-01-13', 'Minor assault complaint filed.', 'Sector 21, Chandigarh'),
(8, 8, 3, 48, '2023-01-15', 'Drug possession case.', 'Mansarovar, Jaipur'),
(9, 9, 4, 49, '2023-01-17', 'Online scam reported.', 'Hazratganj, Lucknow'),
(10, 10, 5, 50, '2023-01-19', 'Missing person report.', 'Thiruvanmiyur, Chennai'),
(11, 11, 1, 51, '2023-01-21', 'Cheque bounce complaint.', 'Andheri East, Mumbai'),
(12, 12, 2, 52, '2023-01-23', 'Assault near public park.', 'Saket, Delhi'),
(13, 13, 3, 53, '2023-01-25', 'Illegal construction complaint.', 'Koramangala, Bengaluru'),
(14, 14, 4, 54, '2023-01-27', 'Stolen vehicle report.', 'Alipore, Kolkata'),
(15, 15, 5, 55, '2023-01-29', 'Hacking of social media account.', 'Gachibowli, Hyderabad'),
(16, 16, 1, 56, '2023-01-31', 'Attempted burglary.', 'T Nagar, Chennai'),
(17, 17, 2, 57, '2023-02-02', 'Obscene calls complaint.', 'Sector 18, Noida'),
(18, 18, 3, 58, '2023-02-04', 'Vandalism in school premises.', 'Vaishali Nagar, Jaipur'),
(19, 19, 4, 59, '2023-02-06', 'Shoplifting complaint.', 'Hazratganj, Lucknow'),
(20, 20, 5, 60, '2023-02-08', 'Cybercrime via phishing email.', 'Thiruvanmiyur, Chennai');

-- 16. Evidence Table
INSERT INTO Evidence (Evidence_ID, Case_ID, Type, Description, Collected_By, Submission_Date) VALUES
(1, 1, 'Document', 'Bank transaction records of the suspect.', 41, '2023-01-02'),
(2, 2, 'Digital', 'Security camera footage from store.', 42, '2023-01-04'),
(3, 3, 'Physical', 'Broken glass with blood stains.', 43, '2023-01-06'),
(4, 4, 'Digital', 'Chat logs indicating fraud.', 44, '2023-01-08'),
(5, 5, 'Physical', 'Knife recovered from crime scene.', 45, '2023-01-10'),
(6, 6, 'Document', 'Affidavit of witness.', 46, '2023-01-12'),
(7, 7, 'Digital', 'Email threats from accused.', 47, '2023-01-14'),
(8, 8, 'Physical', 'Bag containing illegal substances.', 48, '2023-01-16'),
(9, 9, 'Document', 'Photocopy of disputed property papers.', 49, '2023-01-18'),
(10, 10, 'Digital', 'IP logs and trace from ISP.', 50, '2023-01-20'),
(11, 11, 'Physical', 'Bullet casing found near the scene.', 51, '2023-01-22'),
(12, 12, 'Document', 'Medical report of the victim.', 52, '2023-01-24'),
(13, 13, 'Digital', 'Video testimony of eyewitness.', 53, '2023-01-26'),
(14, 14, 'Physical', 'Broken lock and crowbar.', 54, '2023-01-28'),
(15, 15, 'Document', 'Signed confession of accomplice.', 55, '2023-01-30'),
(16, 16, 'Digital', 'Text message backups.', 56, '2023-02-01'),
(17, 17, 'Physical', 'Shirt with blood evidence.', 57, '2023-02-03'),
(18, 18, 'Document', 'Bank loan documents.', 58, '2023-02-05'),
(19, 19, 'Digital', 'Social media screenshots.', 59, '2023-02-07'),
(20, 20, 'Physical', 'Anonymous threatening letter.', 60, '2023-02-09');

-- 17. Legal_Act Table
INSERT INTO Legal_Act (Act_ID, Act_Name, Section, Description, Enactment_Year) VALUES
(1, 'Indian Penal Code', '302', 'Punishment for murder', 1860),
(2, 'Indian Penal Code', '420', 'Cheating and dishonestly inducing delivery of property', 1860),
(3, 'Indian Penal Code', '376', 'Punishment for rape', 1860),
(4, 'Indian Penal Code', '307', 'Attempt to murder', 1860),
(5, 'Indian Penal Code', '380', 'Theft in dwelling house', 1860),
(6, 'Narcotic Drugs and Psychotropic Substances Act', '21', 'Punishment for possession of drugs', 1985),
(7, 'Prevention of Corruption Act', '7', 'Public servant taking gratification other than legal remuneration', 1988),
(8, 'Information Technology Act', '66', 'Computer related offenses', 2000),
(9, 'Information Technology Act', '67', 'Publishing or transmitting obscene material in electronic form', 2000),
(10, 'Code of Criminal Procedure', '144', 'Power to issue order in urgent cases of nuisance or apprehended danger', 1973),
(11, 'Dowry Prohibition Act', '3', 'Penalty for giving or taking dowry', 1961),
(12, 'Juvenile Justice Act', '15', 'Trial of juvenile as adult', 2015),
(13, 'Domestic Violence Act', '4', 'Information to Protection Officer and exclusion of public', 2005),
(14, 'Motor Vehicles Act', '185', 'Driving by a drunken person or by a person under the influence of drugs', 1988),
(15, 'Right to Information Act', '6', 'Request for obtaining information', 2005),
(16, 'Protection of Children from Sexual Offences (POCSO) Act', '7', 'Sexual assault', 2012),
(17, 'Arms Act', '25', 'Punishment for illegal possession of arms', 1959),
(18, 'Environmental Protection Act', '15', 'Penalty for contravention of the provisions', 1986),
(19, 'Prevention of Money Laundering Act', '3', 'Offence of money-laundering', 2002),
(20, 'Scheduled Castes and Tribes (Prevention of Atrocities) Act', '3(1)(r)', 'Intentional insult or intimidation with intent to humiliate', 1989);

-- 18. Charges Table
INSERT INTO Charges (Charge_ID, Case_ID, Legal_Act_ID, Description, Severity_Level, Charge_Date) VALUES
(1, 1, 1, 'Accused of first-degree murder under IPC 302.', 'Felony', '2023-01-02'),
(2, 2, 2, 'Fraudulently obtained money under IPC 420.', 'Major', '2023-01-03'),
(3, 3, 3, 'Charged with rape under IPC 376.', 'Felony', '2023-01-04'),
(4, 4, 4, 'Attempted to kill the victim under IPC 307.', 'Major', '2023-01-05'),
(5, 5, 5, 'Committed theft from a residential premises.', 'Minor', '2023-01-06'),
(6, 6, 6, 'Illegal possession of narcotics.', 'Felony', '2023-01-07'),
(7, 7, 7, 'Accepting bribes in public office.', 'Major', '2023-01-08'),
(8, 8, 8, 'Unauthorized access to computer systems.', 'Major', '2023-01-09'),
(9, 9, 9, 'Sharing obscene material online.', 'Minor', '2023-01-10'),
(10, 10, 10, 'Violation of Section 144 during protests.', 'Minor', '2023-01-11'),
(11, 11, 11, 'Demanding and accepting dowry.', 'Major', '2023-01-12'),
(12, 12, 12, 'Tried juvenile as adult for heinous crime.', 'Major', '2023-01-13'),
(13, 13, 13, 'Domestic violence complaint filed.', 'Major', '2023-01-14'),
(14, 14, 14, 'Driving under the influence.', 'Minor', '2023-01-15'),
(15, 15, 15, 'Refused RTI request without reason.', 'Minor', '2023-01-16'),
(16, 16, 16, 'Sexual assault on a minor.', 'Felony', '2023-01-17'),
(17, 17, 17, 'Illegal firearm possession.', 'Major', '2023-01-18'),
(18, 18, 18, 'Environmental violations by factory.', 'Major', '2023-01-19'),
(19, 19, 19, 'Money laundering via fake accounts.', 'Felony', '2023-01-20'),
(20, 20, 20, 'Caste-based insult and intimidation.', 'Major', '2023-01-21');

-- 19. Bail Table
INSERT INTO Bail (Bail_ID, Case_ID, Person_ID, Granted_Date, Conditions, Bail_Amount, Status) VALUES
(1, 1, 1, '2023-01-03', 'Report weekly to police station', 5000.00, 'Granted'),
(2, 2, 2, '2023-01-05', 'Travel restrictions applied', 10000.00, 'Granted'),
(3, 3, 3, '2023-01-07', 'Surrender passport', 15000.00, 'Granted'),
(4, 4, 4, '2023-01-09', 'No contact with victim', 12000.00, 'Granted'),
(5, 5, 5, '2023-01-11', 'Stay within city limits', 7000.00, 'Granted'),
(6, 6, 6, '2023-01-13', 'Weekly counseling sessions', 3000.00, 'Granted'),
(7, 7, 7, '2023-01-15', 'Appear in all hearings', 8000.00, 'Granted'),
(8, 8, 8, '2023-01-17', 'Random drug tests', 5000.00, 'Granted'),
(9, 9, 9, '2023-01-19', 'No access to disputed property', 6000.00, 'Granted'),
(10, 10, 10, '2023-01-21', 'Electronic monitoring', 20000.00, 'Granted'),
(11, 11, 11, '2023-01-23', 'Stay at parental home', 4000.00, 'Granted'),
(12, 12, 12, '2023-01-25', 'Attend anger management', 5500.00, 'Granted'),
(13, 13, 13, '2023-01-27', 'Weekly check-in with lawyer', 3500.00, 'Granted'),
(14, 14, 14, '2023-01-29', 'Avoid media interaction', 2500.00, 'Granted'),
(15, 15, 15, '2023-01-31', 'Daily curfew 8PM–6AM', 7500.00, 'Granted'),
(16, 16, 16, '2023-02-02', 'Inform court of new address', 9000.00, 'Granted'),
(17, 17, 17, '2023-02-04', 'Attend court without fail', 10000.00, 'Granted'),
(18, 18, 18, '2023-02-06', 'Stay away from witnesses', 11000.00, 'Granted'),
(19, 19, 19, '2023-02-08', 'No alcohol or substance use', 9500.00, 'Granted'),
(20, 20, 20, '2023-02-10', 'Wear GPS ankle monitor', 15000.00, 'Granted');

-- 20. Settlement Table
INSERT INTO Settlement (Settlement_ID, Case_ID, Terms, Date, Agreement_Signed) VALUES
(1, 1, 'Both parties agreed to monetary compensation of $5,000.', '2023-01-05', TRUE),
(2, 2, 'Plaintiff will drop charges in exchange for public apology.', '2023-01-07', TRUE),
(3, 3, 'Defendant will vacate disputed land within 30 days.', '2023-01-09', TRUE),
(4, 4, 'Company to reinstate employee with back pay.', '2023-01-11', TRUE),
(5, 5, 'Tenant agrees to pay remaining dues and vacate premises.', '2023-01-13', TRUE),
(6, 6, 'Both parties agree to joint custody of child.', '2023-01-15', TRUE),
(7, 7, 'Defendant to pay for damages and medical expenses.', '2023-01-17', TRUE),
(8, 8, 'Out-of-court agreement with NDA on incident.', '2023-01-19', TRUE),
(9, 9, 'Business partnership dissolved with asset split.', '2023-01-21', TRUE),
(10, 10, 'Vehicle damage reimbursed by insurance.', '2023-01-23', TRUE),
(11, 11, 'Victim agrees not to press charges after restitution.', '2023-01-25', TRUE),
(12, 12, 'Online content to be taken down with apology.', '2023-01-27', TRUE),
(13, 13, 'Slander charges dropped post public clarification.', '2023-01-29', TRUE),
(14, 14, 'Land boundary dispute resolved through survey.', '2023-01-31', TRUE),
(15, 15, 'Student re-admitted after disciplinary review.', '2023-02-02', TRUE),
(16, 16, 'Medical malpractice resolved via insurance payout.', '2023-02-04', TRUE),
(17, 17, 'Copyright dispute settled with licensing agreement.', '2023-02-06', TRUE),
(18, 18, 'Contract dispute closed with refund and service.', '2023-02-08', TRUE),
(19, 19, 'Family estate division settled via mediator.', '2023-02-10', TRUE),
(20, 20, 'Pet ownership dispute resolved via compromise.', '2023-02-12', TRUE);

-- 21. Case_History Table
INSERT INTO Case_History (History_ID, Case_ID, Date, Status_Update, Notes, Updated_By) VALUES
(1, 1, '2023-01-06', 'Case filed and registered.', 'Initial filing completed.', 1),
(2, 2, '2023-01-08', 'Evidence submitted.', 'Digital footage provided.', 2),
(3, 3, '2023-01-10', 'First hearing held.', 'Judge requested additional info.', 3),
(4, 4, '2023-01-12', 'Witness statement recorded.', 'Cross-examination scheduled.', 4),
(5, 5, '2023-01-14', 'Adjourned.', 'Lawyer requested extension.', 5),
(6, 6, '2023-01-16', 'New evidence added.', 'Medical report submitted.', 6),
(7, 7, '2023-01-18', 'Next hearing scheduled.', 'Set for next month.', 7),
(8, 8, '2023-01-20', 'Case referred for mediation.', 'Mediation date fixed.', 8),
(9, 9, '2023-01-22', 'Mediation failed.', 'Reverting to court trial.', 9),
(10, 10, '2023-01-24', 'Judge reassigned.', 'New judge allocated.', 10),
(11, 11, '2023-01-26', 'Arguments heard.', 'Final arguments scheduled.', 11),
(12, 12, '2023-01-28', 'Final hearing completed.', 'Awaiting verdict.', 12),
(13, 13, '2023-01-30', 'Verdict announced.', 'Defendant found not guilty.', 13),
(14, 14, '2023-02-01', 'Appeal filed.', 'Appeal to High Court.', 14),
(15, 15, '2023-02-03', 'Bail granted.', 'On condition of weekly check-in.', 15),
(16, 16, '2023-02-05', 'Additional documents submitted.', 'Documents from second party.', 16),
(17, 17, '2023-02-07', 'Judge requested clarification.', 'On witness statements.', 17),
(18, 18, '2023-02-09', 'Court issued notice to respondent.', 'Notice received.', 18),
(19, 19, '2023-02-11', 'Case merged with related case.', 'Merged with Case_ID 21.', 19),
(20, 20, '2023-02-13', 'Closed as per settlement.', 'Settlement agreement enforced.', 20);

-- 22. Court_Room Table
INSERT INTO Court_Room (Room_ID, Court_ID, Room_Number, Capacity, Availability_Status) VALUES
(1, 1, 'A-101', 50, 'Available'),
(2, 1, 'A-102', 45, 'Occupied'),
(3, 2, 'B-201', 60, 'Under Maintenance'),
(4, 2, 'B-202', 55, 'Available'),
(5, 3, 'C-301', 70, 'Occupied'),
(6, 3, 'C-302', 65, 'Available'),
(7, 4, 'D-401', 80, 'Occupied'),
(8, 4, 'D-402', 75, 'Available'),
(9, 5, 'E-501', 100, 'Available'),
(10, 5, 'E-502', 95, 'Under Maintenance'),
(11, 1, 'A-103', 40, 'Available'),
(12, 2, 'B-203', 50, 'Occupied'),
(13, 3, 'C-303', 60, 'Available'),
(14, 4, 'D-403', 70, 'Available'),
(15, 5, 'E-503', 90, 'Occupied'),
(16, 1, 'A-104', 35, 'Available'),
(17, 2, 'B-204', 45, 'Under Maintenance'),
(18, 3, 'C-304', 55, 'Available'),
(19, 4, 'D-404', 65, 'Occupied'),
(20, 5, 'E-504', 85, 'Available');

-- 23. Appeal Table
INSERT INTO Appeal (Appeal_ID, Case_ID, Filed_By, Date, Reason, Status, Appeal_Level) VALUES
(1, 1, 1, '2023-02-01', 'Disagreement with judgment.', 'Pending', 'High'),
(2, 2, 2, '2023-02-03', 'New evidence discovered.', 'Granted', 'High'),
(3, 3, 3, '2023-02-05', 'Ineffective counsel.', 'Dismissed', 'District'),
(4, 4, 4, '2023-02-07', 'Unfair trial proceedings.', 'Pending', 'Supreme'),
(5, 5, 5, '2023-02-09', 'Sentencing too harsh.', 'Granted', 'High'),
(6, 6, 6, '2023-02-11', 'Violation of rights.', 'Pending', 'District'),
(7, 7, 7, '2023-02-13', 'New witness testimony.', 'Granted', 'High'),
(8, 8, 8, '2023-02-15', 'Case mishandled.', 'Dismissed', 'Supreme'),
(9, 9, 9, '2023-02-17', 'Unlawful search claim.', 'Pending', 'High'),
(10, 10, 10, '2023-02-19', 'False evidence presented.', 'Granted', 'High'),
(11, 11, 11, '2023-02-21', 'Procedural errors.', 'Pending', 'District'),
(12, 12, 12, '2023-02-23', 'Judge bias.', 'Dismissed', 'High'),
(13, 13, 13, '2023-02-25', 'Misinterpretation of law.', 'Granted', 'Supreme'),
(14, 14, 14, '2023-02-27', 'Insufficient legal support.', 'Pending', 'District'),
(15, 15, 15, '2023-03-01', 'Verdict inconsistency.', 'Granted', 'High'),
(16, 16, 16, '2023-03-03', 'Improper procedure followed.', 'Pending', 'District'),
(17, 17, 17, '2023-03-05', 'Denied fair hearing.', 'Granted', 'Supreme'),
(18, 18, 18, '2023-03-07', 'Mistrial motion rejected.', 'Dismissed', 'High'),
(19, 19, 19, '2023-03-09', 'Contested evidence validity.', 'Pending', 'High'),
(20, 20, 20, '2023-03-11', 'Appeal for retrial.', 'Granted', 'Supreme');